bench, mem, row_size, row_count, col_count, cycles
projectivity, r, 64, 32768, 1, 106796
projectivity, d, 64, 32768, 1, 152882
projectivity, c, 64, 32768, 1, 57947
projectivity, r, 64, 32768, 1, 104662
projectivity, d, 64, 32768, 1, 155854
projectivity, c, 64, 32768, 1, 57876
projectivity, r, 64, 32768, 1, 104659
projectivity, d, 64, 32768, 1, 153144
projectivity, c, 64, 32768, 1, 58211
projectivity, r, 64, 32768, 1, 107477
projectivity, d, 64, 32768, 1, 153276
projectivity, c, 64, 32768, 1, 57785
projectivity, r, 64, 32768, 1, 104656
projectivity, d, 64, 32768, 1, 167081
projectivity, c, 64, 32768, 1, 57763
projectivity, r, 64, 32768, 1, 104665
projectivity, d, 64, 32768, 1, 153139
projectivity, c, 64, 32768, 1, 60270
projectivity, r, 64, 32768, 1, 104667
projectivity, d, 64, 32768, 1, 155220
projectivity, c, 64, 32768, 1, 57832
projectivity, r, 64, 32768, 1, 104660
projectivity, d, 64, 32768, 1, 153428
projectivity, c, 64, 32768, 1, 60570
projectivity, r, 64, 32768, 1, 106487
projectivity, d, 64, 32768, 1, 153259
projectivity, c, 64, 32768, 1, 60131
projectivity, r, 64, 32768, 1, 104657
projectivity, d, 64, 32768, 1, 155788
projectivity, c, 64, 32768, 1, 57811
projectivity, r, 64, 32768, 1, 104662
projectivity, d, 64, 32768, 1, 152980
projectivity, c, 64, 32768, 1, 61951
projectivity, r, 64, 32768, 1, 108969
projectivity, d, 64, 32768, 1, 153521
projectivity, c, 64, 32768, 1, 57748
projectivity, r, 64, 32768, 1, 104662
projectivity, d, 64, 32768, 1, 157653
projectivity, c, 64, 32768, 1, 61030
projectivity, r, 64, 32768, 1, 104669
projectivity, d, 64, 32768, 1, 153148
projectivity, c, 64, 32768, 1, 57731
projectivity, r, 64, 32768, 1, 107566
projectivity, d, 64, 32768, 1, 153472
projectivity, c, 64, 32768, 1, 58256
projectivity, r, 64, 32768, 1, 104674
projectivity, d, 64, 32768, 1, 170906
projectivity, c, 64, 32768, 1, 57868
projectivity, r, 64, 32768, 1, 104657
projectivity, d, 64, 32768, 1, 153257
projectivity, c, 64, 32768, 1, 60254
projectivity, r, 64, 32768, 1, 104680
projectivity, d, 64, 32768, 1, 153430
projectivity, c, 64, 32768, 1, 60038
projectivity, r, 64, 32768, 1, 104657
projectivity, d, 64, 32768, 1, 163488
projectivity, c, 64, 32768, 1, 57834
projectivity, r, 64, 32768, 1, 104669
projectivity, d, 64, 32768, 1, 153262
projectivity, c, 64, 32768, 1, 58567
projectivity, r, 64, 32768, 1, 104657
projectivity, d, 64, 32768, 1, 208349
projectivity, c, 64, 32768, 1, 57794
projectivity, r, 64, 32768, 1, 104659
projectivity, d, 64, 32768, 1, 155668
projectivity, c, 64, 32768, 1, 57859
projectivity, r, 64, 32768, 1, 104664
projectivity, d, 64, 32768, 1, 153138
projectivity, c, 64, 32768, 1, 57908
projectivity, r, 64, 32768, 1, 104659
projectivity, d, 64, 32768, 1, 153235
projectivity, c, 64, 32768, 1, 58179
projectivity, r, 64, 32768, 1, 104685
projectivity, d, 64, 32768, 1, 159583
projectivity, c, 64, 32768, 1, 58205
projectivity, r, 64, 32768, 1, 107494
projectivity, d, 64, 32768, 1, 152741
projectivity, c, 64, 32768, 1, 58224
projectivity, r, 64, 32768, 1, 104660
projectivity, d, 64, 32768, 1, 157641
projectivity, c, 64, 32768, 1, 57836
projectivity, r, 64, 32768, 1, 104658
projectivity, d, 64, 32768, 1, 153137
projectivity, c, 64, 32768, 1, 60561
projectivity, r, 64, 32768, 1, 104662
projectivity, d, 64, 32768, 1, 160167
projectivity, c, 64, 32768, 1, 57804
projectivity, r, 64, 32768, 1, 104657
projectivity, d, 64, 32768, 1, 152870
projectivity, c, 64, 32768, 1, 60647
projectivity, r, 64, 32768, 2, 170800
projectivity, d, 64, 32768, 2, 290130
projectivity, c, 64, 32768, 2, 104693
projectivity, r, 64, 32768, 2, 172545
projectivity, d, 64, 32768, 2, 252978
projectivity, c, 64, 32768, 2, 103755
projectivity, r, 64, 32768, 2, 172735
projectivity, d, 64, 32768, 2, 255287
projectivity, c, 64, 32768, 2, 104522
projectivity, r, 64, 32768, 2, 170996
projectivity, d, 64, 32768, 2, 255619
projectivity, c, 64, 32768, 2, 103773
projectivity, r, 64, 32768, 2, 177675
projectivity, d, 64, 32768, 2, 253105
projectivity, c, 64, 32768, 2, 106817
projectivity, r, 64, 32768, 2, 170802
projectivity, d, 64, 32768, 2, 258405
projectivity, c, 64, 32768, 2, 104891
projectivity, r, 64, 32768, 2, 174740
projectivity, d, 64, 32768, 2, 253227
projectivity, c, 64, 32768, 2, 103896
projectivity, r, 64, 32768, 2, 170823
projectivity, d, 64, 32768, 2, 255830
projectivity, c, 64, 32768, 2, 103970
projectivity, r, 64, 32768, 2, 170803
projectivity, d, 64, 32768, 2, 255321
projectivity, c, 64, 32768, 2, 104402
projectivity, r, 64, 32768, 2, 178376
projectivity, d, 64, 32768, 2, 253369
projectivity, c, 64, 32768, 2, 107038
projectivity, r, 64, 32768, 2, 170799
projectivity, d, 64, 32768, 2, 258125
projectivity, c, 64, 32768, 2, 104132
projectivity, r, 64, 32768, 2, 173092
projectivity, d, 64, 32768, 2, 253088
projectivity, c, 64, 32768, 2, 104155
projectivity, r, 64, 32768, 2, 170802
projectivity, d, 64, 32768, 2, 257682
projectivity, c, 64, 32768, 2, 104465
projectivity, r, 64, 32768, 2, 170803
projectivity, d, 64, 32768, 2, 255699
projectivity, c, 64, 32768, 2, 104241
projectivity, r, 64, 32768, 2, 178609
projectivity, d, 64, 32768, 2, 253627
projectivity, c, 64, 32768, 2, 107465
projectivity, r, 64, 32768, 2, 170800
projectivity, d, 64, 32768, 2, 255158
projectivity, c, 64, 32768, 2, 104824
projectivity, r, 64, 32768, 2, 175685
projectivity, d, 64, 32768, 2, 253475
projectivity, c, 64, 32768, 2, 106868
projectivity, r, 64, 32768, 2, 170799
projectivity, d, 64, 32768, 2, 255917
projectivity, c, 64, 32768, 2, 104219
projectivity, r, 64, 32768, 2, 170799
projectivity, d, 64, 32768, 2, 253460
projectivity, c, 64, 32768, 2, 104186
projectivity, r, 64, 32768, 2, 180178
projectivity, d, 64, 32768, 2, 271014
projectivity, c, 64, 32768, 2, 104142
projectivity, r, 64, 32768, 2, 170824
projectivity, d, 64, 32768, 2, 255149
projectivity, c, 64, 32768, 2, 104318
projectivity, r, 64, 32768, 2, 172655
projectivity, d, 64, 32768, 2, 253299
projectivity, c, 64, 32768, 2, 107781
projectivity, r, 64, 32768, 2, 170807
projectivity, d, 64, 32768, 2, 255027
projectivity, c, 64, 32768, 2, 104971
projectivity, r, 64, 32768, 2, 172916
projectivity, d, 64, 32768, 2, 253305
projectivity, c, 64, 32768, 2, 107205
projectivity, r, 64, 32768, 2, 170806
projectivity, d, 64, 32768, 2, 255321
projectivity, c, 64, 32768, 2, 103975
projectivity, r, 64, 32768, 2, 170798
projectivity, d, 64, 32768, 2, 255253
projectivity, c, 64, 32768, 2, 105124
projectivity, r, 64, 32768, 2, 172392
projectivity, d, 64, 32768, 2, 255876
projectivity, c, 64, 32768, 2, 104481
projectivity, r, 64, 32768, 2, 170807
projectivity, d, 64, 32768, 2, 255965
projectivity, c, 64, 32768, 2, 105038
projectivity, r, 64, 32768, 2, 172817
projectivity, d, 64, 32768, 2, 253653
projectivity, c, 64, 32768, 2, 106452
projectivity, r, 64, 32768, 2, 170798
projectivity, d, 64, 32768, 2, 255679
projectivity, c, 64, 32768, 2, 104777
projectivity, r, 64, 32768, 3, 237127
projectivity, d, 64, 32768, 3, 358698
projectivity, c, 64, 32768, 3, 166722
projectivity, r, 64, 32768, 3, 239836
projectivity, d, 64, 32768, 3, 359049
projectivity, c, 64, 32768, 3, 164347
projectivity, r, 64, 32768, 3, 241560
projectivity, d, 64, 32768, 3, 358304
projectivity, c, 64, 32768, 3, 164506
projectivity, r, 64, 32768, 3, 237138
projectivity, d, 64, 32768, 3, 356869
projectivity, c, 64, 32768, 3, 166821
projectivity, r, 64, 32768, 3, 241373
projectivity, d, 64, 32768, 3, 402210
projectivity, c, 64, 32768, 3, 164384
projectivity, r, 64, 32768, 3, 237080
projectivity, d, 64, 32768, 3, 359031
projectivity, c, 64, 32768, 3, 167266
projectivity, r, 64, 32768, 3, 239690
projectivity, d, 64, 32768, 3, 358906
projectivity, c, 64, 32768, 3, 164821
projectivity, r, 64, 32768, 3, 237138
projectivity, d, 64, 32768, 3, 358777
projectivity, c, 64, 32768, 3, 165722
projectivity, r, 64, 32768, 3, 239330
projectivity, d, 64, 32768, 3, 358362
projectivity, c, 64, 32768, 3, 164798
projectivity, r, 64, 32768, 3, 237078
projectivity, d, 64, 32768, 3, 358492
projectivity, c, 64, 32768, 3, 164523
projectivity, r, 64, 32768, 3, 238997
projectivity, d, 64, 32768, 3, 356848
projectivity, c, 64, 32768, 3, 169675
projectivity, r, 64, 32768, 3, 240273
projectivity, d, 64, 32768, 3, 361763
projectivity, c, 64, 32768, 3, 163708
projectivity, r, 64, 32768, 3, 237090
projectivity, d, 64, 32768, 3, 358958
projectivity, c, 64, 32768, 3, 166859
projectivity, r, 64, 32768, 3, 240170
projectivity, d, 64, 32768, 3, 361522
projectivity, c, 64, 32768, 3, 165385
projectivity, r, 64, 32768, 3, 237076
projectivity, d, 64, 32768, 3, 358764
projectivity, c, 64, 32768, 3, 164047
projectivity, r, 64, 32768, 3, 244961
projectivity, d, 64, 32768, 3, 359486
projectivity, c, 64, 32768, 3, 164499
projectivity, r, 64, 32768, 3, 240064
projectivity, d, 64, 32768, 3, 358140
projectivity, c, 64, 32768, 3, 164232
projectivity, r, 64, 32768, 3, 237075
projectivity, d, 64, 32768, 3, 356734
projectivity, c, 64, 32768, 3, 166413
projectivity, r, 64, 32768, 3, 240015
projectivity, d, 64, 32768, 3, 407243
projectivity, c, 64, 32768, 3, 164003
projectivity, r, 64, 32768, 3, 237118
projectivity, d, 64, 32768, 3, 359183
projectivity, c, 64, 32768, 3, 166369
projectivity, r, 64, 32768, 3, 240127
projectivity, d, 64, 32768, 3, 385240
projectivity, c, 64, 32768, 3, 166065
projectivity, r, 64, 32768, 3, 237140
projectivity, d, 64, 32768, 3, 359328
projectivity, c, 64, 32768, 3, 167480
projectivity, r, 64, 32768, 3, 240661
projectivity, d, 64, 32768, 3, 393649
projectivity, c, 64, 32768, 3, 164819
projectivity, r, 64, 32768, 3, 237145
projectivity, d, 64, 32768, 3, 358438
projectivity, c, 64, 32768, 3, 166897
projectivity, r, 64, 32768, 3, 241278
projectivity, d, 64, 32768, 3, 385498
projectivity, c, 64, 32768, 3, 165372
projectivity, r, 64, 32768, 3, 239795
projectivity, d, 64, 32768, 3, 358628
projectivity, c, 64, 32768, 3, 166958
projectivity, r, 64, 32768, 3, 239716
projectivity, d, 64, 32768, 3, 369519
projectivity, c, 64, 32768, 3, 165731
projectivity, r, 64, 32768, 3, 237090
projectivity, d, 64, 32768, 3, 358921
projectivity, c, 64, 32768, 3, 165739
projectivity, r, 64, 32768, 3, 238996
projectivity, d, 64, 32768, 3, 358480
projectivity, c, 64, 32768, 3, 165649
projectivity, r, 64, 32768, 3, 241451
projectivity, d, 64, 32768, 3, 358859
projectivity, c, 64, 32768, 3, 163344
projectivity, r, 64, 32768, 4, 305277
projectivity, d, 64, 32768, 4, 463904
projectivity, c, 64, 32768, 4, 231733
projectivity, r, 64, 32768, 4, 305626
projectivity, d, 64, 32768, 4, 465350
projectivity, c, 64, 32768, 4, 230179
projectivity, r, 64, 32768, 4, 303223
projectivity, d, 64, 32768, 4, 464750
projectivity, c, 64, 32768, 4, 227196
projectivity, r, 64, 32768, 4, 305291
projectivity, d, 64, 32768, 4, 466439
projectivity, c, 64, 32768, 4, 228098
projectivity, r, 64, 32768, 4, 305540
projectivity, d, 64, 32768, 4, 467166
projectivity, c, 64, 32768, 4, 230598
projectivity, r, 64, 32768, 4, 307045
projectivity, d, 64, 32768, 4, 463671
projectivity, c, 64, 32768, 4, 231631
projectivity, r, 64, 32768, 4, 303251
projectivity, d, 64, 32768, 4, 468485
projectivity, c, 64, 32768, 4, 228682
projectivity, r, 64, 32768, 4, 305503
projectivity, d, 64, 32768, 4, 464069
projectivity, c, 64, 32768, 4, 228787
projectivity, r, 64, 32768, 4, 305692
projectivity, d, 64, 32768, 4, 463664
projectivity, c, 64, 32768, 4, 230388
projectivity, r, 64, 32768, 4, 305746
projectivity, d, 64, 32768, 4, 463500
projectivity, c, 64, 32768, 4, 229954
projectivity, r, 64, 32768, 4, 303224
projectivity, d, 64, 32768, 4, 464305
projectivity, c, 64, 32768, 4, 231971
projectivity, r, 64, 32768, 4, 304808
projectivity, d, 64, 32768, 4, 469155
projectivity, c, 64, 32768, 4, 229593
projectivity, r, 64, 32768, 4, 305322
projectivity, d, 64, 32768, 4, 477612
projectivity, c, 64, 32768, 4, 228343
projectivity, r, 64, 32768, 4, 317489
projectivity, d, 64, 32768, 4, 463583
projectivity, c, 64, 32768, 4, 229027
projectivity, r, 64, 32768, 4, 303220
projectivity, d, 64, 32768, 4, 464545
projectivity, c, 64, 32768, 4, 228452
projectivity, r, 64, 32768, 4, 305107
projectivity, d, 64, 32768, 4, 465605
projectivity, c, 64, 32768, 4, 227660
projectivity, r, 64, 32768, 4, 306316
projectivity, d, 64, 32768, 4, 463495
projectivity, c, 64, 32768, 4, 231882
projectivity, r, 64, 32768, 4, 305466
projectivity, d, 64, 32768, 4, 494795
projectivity, c, 64, 32768, 4, 229916
projectivity, r, 64, 32768, 4, 303625
projectivity, d, 64, 32768, 4, 467849
projectivity, c, 64, 32768, 4, 228798
projectivity, r, 64, 32768, 4, 305268
projectivity, d, 64, 32768, 4, 466458
projectivity, c, 64, 32768, 4, 228474
projectivity, r, 64, 32768, 4, 307567
projectivity, d, 64, 32768, 4, 494421
projectivity, c, 64, 32768, 4, 231530
projectivity, r, 64, 32768, 4, 306326
projectivity, d, 64, 32768, 4, 486974
projectivity, c, 64, 32768, 4, 232423
projectivity, r, 64, 32768, 4, 305458
projectivity, d, 64, 32768, 4, 463600
projectivity, c, 64, 32768, 4, 229511
projectivity, r, 64, 32768, 4, 311246
projectivity, d, 64, 32768, 4, 463727
projectivity, c, 64, 32768, 4, 232352
projectivity, r, 64, 32768, 4, 307444
projectivity, d, 64, 32768, 4, 463472
projectivity, c, 64, 32768, 4, 229503
projectivity, r, 64, 32768, 4, 303246
projectivity, d, 64, 32768, 4, 489253
projectivity, c, 64, 32768, 4, 228196
projectivity, r, 64, 32768, 4, 305244
projectivity, d, 64, 32768, 4, 463557
projectivity, c, 64, 32768, 4, 229226
projectivity, r, 64, 32768, 4, 305506
projectivity, d, 64, 32768, 4, 463636
projectivity, c, 64, 32768, 4, 229409
projectivity, r, 64, 32768, 4, 307022
projectivity, d, 64, 32768, 4, 463495
projectivity, c, 64, 32768, 4, 231218
projectivity, r, 64, 32768, 4, 303217
projectivity, d, 64, 32768, 4, 490307
projectivity, c, 64, 32768, 4, 228386
projectivity, r, 64, 32768, 5, 372544
projectivity, d, 64, 32768, 5, 568174
projectivity, c, 64, 32768, 5, 628897
projectivity, r, 64, 32768, 5, 373692
projectivity, d, 64, 32768, 5, 569772
projectivity, c, 64, 32768, 5, 629938
projectivity, r, 64, 32768, 5, 371820
projectivity, d, 64, 32768, 5, 569487
projectivity, c, 64, 32768, 5, 632681
projectivity, r, 64, 32768, 5, 371913
projectivity, d, 64, 32768, 5, 566986
projectivity, c, 64, 32768, 5, 630945
projectivity, r, 64, 32768, 5, 371126
projectivity, d, 64, 32768, 5, 567309
projectivity, c, 64, 32768, 5, 631394
projectivity, r, 64, 32768, 5, 371608
projectivity, d, 64, 32768, 5, 584699
projectivity, c, 64, 32768, 5, 631259
projectivity, r, 64, 32768, 5, 371615
projectivity, d, 64, 32768, 5, 567155
projectivity, c, 64, 32768, 5, 630681
projectivity, r, 64, 32768, 5, 379741
projectivity, d, 64, 32768, 5, 584346
projectivity, c, 64, 32768, 5, 631459
projectivity, r, 64, 32768, 5, 371593
projectivity, d, 64, 32768, 5, 570481
projectivity, c, 64, 32768, 5, 630616
projectivity, r, 64, 32768, 5, 371470
projectivity, d, 64, 32768, 5, 570043
projectivity, c, 64, 32768, 5, 630598
projectivity, r, 64, 32768, 5, 371445
projectivity, d, 64, 32768, 5, 570686
projectivity, c, 64, 32768, 5, 632886
projectivity, r, 64, 32768, 5, 379130
projectivity, d, 64, 32768, 5, 569119
projectivity, c, 64, 32768, 5, 631913
projectivity, r, 64, 32768, 5, 377254
projectivity, d, 64, 32768, 5, 569374
projectivity, c, 64, 32768, 5, 631447
projectivity, r, 64, 32768, 5, 371608
projectivity, d, 64, 32768, 5, 570571
projectivity, c, 64, 32768, 5, 632796
projectivity, r, 64, 32768, 5, 371614
projectivity, d, 64, 32768, 5, 567177
projectivity, c, 64, 32768, 5, 632572
projectivity, r, 64, 32768, 5, 371171
projectivity, d, 64, 32768, 5, 567122
projectivity, c, 64, 32768, 5, 632549
projectivity, r, 64, 32768, 5, 371069
projectivity, d, 64, 32768, 5, 567317
projectivity, c, 64, 32768, 5, 631722
projectivity, r, 64, 32768, 5, 371770
projectivity, d, 64, 32768, 5, 567150
projectivity, c, 64, 32768, 5, 631803
projectivity, r, 64, 32768, 5, 372721
projectivity, d, 64, 32768, 5, 570132
projectivity, c, 64, 32768, 5, 633125
projectivity, r, 64, 32768, 5, 371126
projectivity, d, 64, 32768, 5, 569608
projectivity, c, 64, 32768, 5, 632244
projectivity, r, 64, 32768, 5, 369566
projectivity, d, 64, 32768, 5, 570136
projectivity, c, 64, 32768, 5, 632717
projectivity, r, 64, 32768, 5, 369824
projectivity, d, 64, 32768, 5, 578593
projectivity, c, 64, 32768, 5, 632747
projectivity, r, 64, 32768, 5, 369531
projectivity, d, 64, 32768, 5, 568142
projectivity, c, 64, 32768, 5, 629610
projectivity, r, 64, 32768, 5, 391806
projectivity, d, 64, 32768, 5, 568234
projectivity, c, 64, 32768, 5, 633436
projectivity, r, 64, 32768, 5, 369554
projectivity, d, 64, 32768, 5, 571217
projectivity, c, 64, 32768, 5, 631083
projectivity, r, 64, 32768, 5, 391420
projectivity, d, 64, 32768, 5, 596474
projectivity, c, 64, 32768, 5, 633376
projectivity, r, 64, 32768, 5, 369616
projectivity, d, 64, 32768, 5, 571033
projectivity, c, 64, 32768, 5, 629511
projectivity, r, 64, 32768, 5, 371700
projectivity, d, 64, 32768, 5, 569570
projectivity, c, 64, 32768, 5, 628763
projectivity, r, 64, 32768, 5, 372194
projectivity, d, 64, 32768, 5, 568128
projectivity, c, 64, 32768, 5, 629764
projectivity, r, 64, 32768, 5, 371764
projectivity, d, 64, 32768, 5, 573223
projectivity, c, 64, 32768, 5, 629619
projectivity, r, 64, 32768, 6, 437198
projectivity, d, 64, 32768, 6, 669797
projectivity, c, 64, 32768, 6, 766329
projectivity, r, 64, 32768, 6, 437280
projectivity, d, 64, 32768, 6, 668894
projectivity, c, 64, 32768, 6, 765568
projectivity, r, 64, 32768, 6, 437476
projectivity, d, 64, 32768, 6, 668829
projectivity, c, 64, 32768, 6, 765223
projectivity, r, 64, 32768, 6, 437805
projectivity, d, 64, 32768, 6, 668658
projectivity, c, 64, 32768, 6, 765347
projectivity, r, 64, 32768, 6, 437129
projectivity, d, 64, 32768, 6, 668883
projectivity, c, 64, 32768, 6, 767336
projectivity, r, 64, 32768, 6, 443493
projectivity, d, 64, 32768, 6, 677178
projectivity, c, 64, 32768, 6, 764478
projectivity, r, 64, 32768, 6, 442120
projectivity, d, 64, 32768, 6, 670315
projectivity, c, 64, 32768, 6, 764009
projectivity, r, 64, 32768, 6, 437505
projectivity, d, 64, 32768, 6, 672773
projectivity, c, 64, 32768, 6, 765794
projectivity, r, 64, 32768, 6, 437308
projectivity, d, 64, 32768, 6, 686097
projectivity, c, 64, 32768, 6, 766355
projectivity, r, 64, 32768, 6, 437952
projectivity, d, 64, 32768, 6, 671114
projectivity, c, 64, 32768, 6, 763909
projectivity, r, 64, 32768, 6, 438425
projectivity, d, 64, 32768, 6, 670673
projectivity, c, 64, 32768, 6, 763294
projectivity, r, 64, 32768, 6, 437867
projectivity, d, 64, 32768, 6, 669708
projectivity, c, 64, 32768, 6, 767225
projectivity, r, 64, 32768, 6, 446923
projectivity, d, 64, 32768, 6, 669527
projectivity, c, 64, 32768, 6, 762727
projectivity, r, 64, 32768, 6, 437978
projectivity, d, 64, 32768, 6, 709216
projectivity, c, 64, 32768, 6, 762235
projectivity, r, 64, 32768, 6, 437757
projectivity, d, 64, 32768, 6, 669710
projectivity, c, 64, 32768, 6, 761639
projectivity, r, 64, 32768, 6, 437809
projectivity, d, 64, 32768, 6, 669326
projectivity, c, 64, 32768, 6, 759061
projectivity, r, 64, 32768, 6, 438035
projectivity, d, 64, 32768, 6, 673087
projectivity, c, 64, 32768, 6, 763927
projectivity, r, 64, 32768, 6, 438204
projectivity, d, 64, 32768, 6, 712582
projectivity, c, 64, 32768, 6, 764312
projectivity, r, 64, 32768, 6, 437710
projectivity, d, 64, 32768, 6, 671713
projectivity, c, 64, 32768, 6, 764503
projectivity, r, 64, 32768, 6, 439029
projectivity, d, 64, 32768, 6, 674079
projectivity, c, 64, 32768, 6, 764957
projectivity, r, 64, 32768, 6, 438239
projectivity, d, 64, 32768, 6, 672571
projectivity, c, 64, 32768, 6, 767835
projectivity, r, 64, 32768, 6, 437653
projectivity, d, 64, 32768, 6, 670101
projectivity, c, 64, 32768, 6, 765943
projectivity, r, 64, 32768, 6, 438135
projectivity, d, 64, 32768, 6, 672147
projectivity, c, 64, 32768, 6, 764008
projectivity, r, 64, 32768, 6, 438828
projectivity, d, 64, 32768, 6, 672803
projectivity, c, 64, 32768, 6, 766838
projectivity, r, 64, 32768, 6, 438119
projectivity, d, 64, 32768, 6, 673775
projectivity, c, 64, 32768, 6, 764293
projectivity, r, 64, 32768, 6, 438227
projectivity, d, 64, 32768, 6, 670146
projectivity, c, 64, 32768, 6, 761063
projectivity, r, 64, 32768, 6, 455548
projectivity, d, 64, 32768, 6, 687130
projectivity, c, 64, 32768, 6, 765818
projectivity, r, 64, 32768, 6, 455784
projectivity, d, 64, 32768, 6, 670164
projectivity, c, 64, 32768, 6, 765952
projectivity, r, 64, 32768, 6, 438465
projectivity, d, 64, 32768, 6, 670142
projectivity, c, 64, 32768, 6, 761866
projectivity, r, 64, 32768, 6, 438377
projectivity, d, 64, 32768, 6, 669865
projectivity, c, 64, 32768, 6, 766737
projectivity, r, 64, 32768, 7, 503286
projectivity, d, 64, 32768, 7, 783624
projectivity, c, 64, 32768, 7, 884833
projectivity, r, 64, 32768, 7, 503397
projectivity, d, 64, 32768, 7, 776680
projectivity, c, 64, 32768, 7, 881806
projectivity, r, 64, 32768, 7, 513017
projectivity, d, 64, 32768, 7, 773483
projectivity, c, 64, 32768, 7, 884602
projectivity, r, 64, 32768, 7, 503387
projectivity, d, 64, 32768, 7, 775674
projectivity, c, 64, 32768, 7, 883807
projectivity, r, 64, 32768, 7, 503743
projectivity, d, 64, 32768, 7, 817102
projectivity, c, 64, 32768, 7, 881988
projectivity, r, 64, 32768, 7, 505589
projectivity, d, 64, 32768, 7, 774146
projectivity, c, 64, 32768, 7, 885378
projectivity, r, 64, 32768, 7, 504025
projectivity, d, 64, 32768, 7, 773560
projectivity, c, 64, 32768, 7, 880393
projectivity, r, 64, 32768, 7, 504105
projectivity, d, 64, 32768, 7, 788502
projectivity, c, 64, 32768, 7, 882197
projectivity, r, 64, 32768, 7, 504103
projectivity, d, 64, 32768, 7, 773947
projectivity, c, 64, 32768, 7, 883154
projectivity, r, 64, 32768, 7, 504502
projectivity, d, 64, 32768, 7, 773765
projectivity, c, 64, 32768, 7, 882187
projectivity, r, 64, 32768, 7, 504213
projectivity, d, 64, 32768, 7, 805405
projectivity, c, 64, 32768, 7, 881652
projectivity, r, 64, 32768, 7, 506389
projectivity, d, 64, 32768, 7, 773519
projectivity, c, 64, 32768, 7, 890543
projectivity, r, 64, 32768, 7, 505081
projectivity, d, 64, 32768, 7, 773572
projectivity, c, 64, 32768, 7, 884035
projectivity, r, 64, 32768, 7, 508023
projectivity, d, 64, 32768, 7, 773144
projectivity, c, 64, 32768, 7, 885335
projectivity, r, 64, 32768, 7, 504542
projectivity, d, 64, 32768, 7, 778105
projectivity, c, 64, 32768, 7, 883096
projectivity, r, 64, 32768, 7, 504925
projectivity, d, 64, 32768, 7, 773697
projectivity, c, 64, 32768, 7, 883081
projectivity, r, 64, 32768, 7, 504036
projectivity, d, 64, 32768, 7, 773774
projectivity, c, 64, 32768, 7, 882828
projectivity, r, 64, 32768, 7, 504963
projectivity, d, 64, 32768, 7, 773578
projectivity, c, 64, 32768, 7, 879850
projectivity, r, 64, 32768, 7, 504702
projectivity, d, 64, 32768, 7, 773939
projectivity, c, 64, 32768, 7, 883496
projectivity, r, 64, 32768, 7, 525330
projectivity, d, 64, 32768, 7, 773973
projectivity, c, 64, 32768, 7, 882787
projectivity, r, 64, 32768, 7, 506307
projectivity, d, 64, 32768, 7, 775301
projectivity, c, 64, 32768, 7, 885104
projectivity, r, 64, 32768, 7, 504972
projectivity, d, 64, 32768, 7, 773465
projectivity, c, 64, 32768, 7, 883121
projectivity, r, 64, 32768, 7, 504900
projectivity, d, 64, 32768, 7, 804321
projectivity, c, 64, 32768, 7, 882031
projectivity, r, 64, 32768, 7, 506086
projectivity, d, 64, 32768, 7, 773719
projectivity, c, 64, 32768, 7, 881495
projectivity, r, 64, 32768, 7, 505373
projectivity, d, 64, 32768, 7, 793164
projectivity, c, 64, 32768, 7, 882101
projectivity, r, 64, 32768, 7, 504893
projectivity, d, 64, 32768, 7, 773902
projectivity, c, 64, 32768, 7, 883031
projectivity, r, 64, 32768, 7, 543848
projectivity, d, 64, 32768, 7, 778244
projectivity, c, 64, 32768, 7, 882605
projectivity, r, 64, 32768, 7, 508789
projectivity, d, 64, 32768, 7, 778064
projectivity, c, 64, 32768, 7, 881940
projectivity, r, 64, 32768, 7, 503156
projectivity, d, 64, 32768, 7, 774064
projectivity, c, 64, 32768, 7, 881154
projectivity, r, 64, 32768, 7, 503234
projectivity, d, 64, 32768, 7, 775115
projectivity, c, 64, 32768, 7, 881110
projectivity, r, 64, 32768, 8, 591418
projectivity, d, 64, 32768, 8, 917743
projectivity, c, 64, 32768, 8, 1012610
projectivity, r, 64, 32768, 8, 592836
projectivity, d, 64, 32768, 8, 897643
projectivity, c, 64, 32768, 8, 1039503
projectivity, r, 64, 32768, 8, 613706
projectivity, d, 64, 32768, 8, 897681
projectivity, c, 64, 32768, 8, 1015893
projectivity, r, 64, 32768, 8, 613238
projectivity, d, 64, 32768, 8, 927336
projectivity, c, 64, 32768, 8, 1012644
projectivity, r, 64, 32768, 8, 591074
projectivity, d, 64, 32768, 8, 897520
projectivity, c, 64, 32768, 8, 1011007
projectivity, r, 64, 32768, 8, 593734
projectivity, d, 64, 32768, 8, 900681
projectivity, c, 64, 32768, 8, 1009653
projectivity, r, 64, 32768, 8, 592917
projectivity, d, 64, 32768, 8, 897530
projectivity, c, 64, 32768, 8, 1012403
projectivity, r, 64, 32768, 8, 593077
projectivity, d, 64, 32768, 8, 910012
projectivity, c, 64, 32768, 8, 1012197
projectivity, r, 64, 32768, 8, 592852
projectivity, d, 64, 32768, 8, 897871
projectivity, c, 64, 32768, 8, 1009425
projectivity, r, 64, 32768, 8, 590803
projectivity, d, 64, 32768, 8, 897057
projectivity, c, 64, 32768, 8, 1015455
projectivity, r, 64, 32768, 8, 592233
projectivity, d, 64, 32768, 8, 916873
projectivity, c, 64, 32768, 8, 1012124
projectivity, r, 64, 32768, 8, 591549
projectivity, d, 64, 32768, 8, 901007
projectivity, c, 64, 32768, 8, 1011675
projectivity, r, 64, 32768, 8, 597042
projectivity, d, 64, 32768, 8, 899303
projectivity, c, 64, 32768, 8, 1015052
projectivity, r, 64, 32768, 8, 615633
projectivity, d, 64, 32768, 8, 899584
projectivity, c, 64, 32768, 8, 1015021
projectivity, r, 64, 32768, 8, 591469
projectivity, d, 64, 32768, 8, 900095
projectivity, c, 64, 32768, 8, 1015885
projectivity, r, 64, 32768, 8, 592473
projectivity, d, 64, 32768, 8, 918701
projectivity, c, 64, 32768, 8, 1015919
projectivity, r, 64, 32768, 8, 593217
projectivity, d, 64, 32768, 8, 909565
projectivity, c, 64, 32768, 8, 1014124
projectivity, r, 64, 32768, 8, 594662
projectivity, d, 64, 32768, 8, 916872
projectivity, c, 64, 32768, 8, 1012529
projectivity, r, 64, 32768, 8, 592024
projectivity, d, 64, 32768, 8, 897379
projectivity, c, 64, 32768, 8, 1011479
projectivity, r, 64, 32768, 8, 592020
projectivity, d, 64, 32768, 8, 898843
projectivity, c, 64, 32768, 8, 1011172
projectivity, r, 64, 32768, 8, 595550
projectivity, d, 64, 32768, 8, 899886
projectivity, c, 64, 32768, 8, 1012606
projectivity, r, 64, 32768, 8, 593660
projectivity, d, 64, 32768, 8, 898891
projectivity, c, 64, 32768, 8, 1016635
projectivity, r, 64, 32768, 8, 607489
projectivity, d, 64, 32768, 8, 903481
projectivity, c, 64, 32768, 8, 1015487
projectivity, r, 64, 32768, 8, 593138
projectivity, d, 64, 32768, 8, 897812
projectivity, c, 64, 32768, 8, 1012395
projectivity, r, 64, 32768, 8, 594787
projectivity, d, 64, 32768, 8, 906286
projectivity, c, 64, 32768, 8, 1015483
projectivity, r, 64, 32768, 8, 593087
projectivity, d, 64, 32768, 8, 897979
projectivity, c, 64, 32768, 8, 1018648
projectivity, r, 64, 32768, 8, 610245
projectivity, d, 64, 32768, 8, 901003
projectivity, c, 64, 32768, 8, 1014143
projectivity, r, 64, 32768, 8, 595667
projectivity, d, 64, 32768, 8, 901002
projectivity, c, 64, 32768, 8, 1015882
projectivity, r, 64, 32768, 8, 594680
projectivity, d, 64, 32768, 8, 898324
projectivity, c, 64, 32768, 8, 1167910
projectivity, r, 64, 32768, 8, 594347
projectivity, d, 64, 32768, 8, 904897
projectivity, c, 64, 32768, 8, 1013657
projectivity, r, 64, 32768, 9, 662698
projectivity, d, 64, 32768, 9, 1004410
projectivity, c, 64, 32768, 9, 1180761
projectivity, r, 64, 32768, 9, 663450
projectivity, d, 64, 32768, 9, 1004965
projectivity, c, 64, 32768, 9, 1275589
projectivity, r, 64, 32768, 9, 661584
projectivity, d, 64, 32768, 9, 1009089
projectivity, c, 64, 32768, 9, 1177937
projectivity, r, 64, 32768, 9, 663277
projectivity, d, 64, 32768, 9, 1004889
projectivity, c, 64, 32768, 9, 1176713
projectivity, r, 64, 32768, 9, 665242
projectivity, d, 64, 32768, 9, 1029704
projectivity, c, 64, 32768, 9, 1173382
projectivity, r, 64, 32768, 9, 663616
projectivity, d, 64, 32768, 9, 1004524
projectivity, c, 64, 32768, 9, 1200394
projectivity, r, 64, 32768, 9, 665332
projectivity, d, 64, 32768, 9, 1005574
projectivity, c, 64, 32768, 9, 1183036
projectivity, r, 64, 32768, 9, 700051
projectivity, d, 64, 32768, 9, 1005210
projectivity, c, 64, 32768, 9, 1173860
projectivity, r, 64, 32768, 9, 665578
projectivity, d, 64, 32768, 9, 1004975
projectivity, c, 64, 32768, 9, 1180136
projectivity, r, 64, 32768, 9, 666349
projectivity, d, 64, 32768, 9, 1007045
projectivity, c, 64, 32768, 9, 1183458
projectivity, r, 64, 32768, 9, 680147
projectivity, d, 64, 32768, 9, 1022531
projectivity, c, 64, 32768, 9, 1181331
projectivity, r, 64, 32768, 9, 690566
projectivity, d, 64, 32768, 9, 1004717
projectivity, c, 64, 32768, 9, 1180877
projectivity, r, 64, 32768, 9, 660870
projectivity, d, 64, 32768, 9, 1004821
projectivity, c, 64, 32768, 9, 1176812
projectivity, r, 64, 32768, 9, 665955
projectivity, d, 64, 32768, 9, 1006420
projectivity, c, 64, 32768, 9, 1246992
projectivity, r, 64, 32768, 9, 665073
projectivity, d, 64, 32768, 9, 1008022
projectivity, c, 64, 32768, 9, 1180576
projectivity, r, 64, 32768, 9, 661715
projectivity, d, 64, 32768, 9, 1004571
projectivity, c, 64, 32768, 9, 1177995
projectivity, r, 64, 32768, 9, 662854
projectivity, d, 64, 32768, 9, 1003862
projectivity, c, 64, 32768, 9, 1177446
projectivity, r, 64, 32768, 9, 664572
projectivity, d, 64, 32768, 9, 1025560
projectivity, c, 64, 32768, 9, 1185930
projectivity, r, 64, 32768, 9, 661672
projectivity, d, 64, 32768, 9, 1006410
projectivity, c, 64, 32768, 9, 1180113
projectivity, r, 64, 32768, 9, 662648
projectivity, d, 64, 32768, 9, 1004018
projectivity, c, 64, 32768, 9, 1233031
projectivity, r, 64, 32768, 9, 663706
projectivity, d, 64, 32768, 9, 1014275
projectivity, c, 64, 32768, 9, 1202402
projectivity, r, 64, 32768, 9, 661517
projectivity, d, 64, 32768, 9, 1004731
projectivity, c, 64, 32768, 9, 1173087
projectivity, r, 64, 32768, 9, 662746
projectivity, d, 64, 32768, 9, 1003956
projectivity, c, 64, 32768, 9, 1248149
projectivity, r, 64, 32768, 9, 663100
projectivity, d, 64, 32768, 9, 1004759
projectivity, c, 64, 32768, 9, 1172380
projectivity, r, 64, 32768, 9, 661596
projectivity, d, 64, 32768, 9, 1004511
projectivity, c, 64, 32768, 9, 1173538
projectivity, r, 64, 32768, 9, 665766
projectivity, d, 64, 32768, 9, 1003640
projectivity, c, 64, 32768, 9, 1190909
projectivity, r, 64, 32768, 9, 663728
projectivity, d, 64, 32768, 9, 1004929
projectivity, c, 64, 32768, 9, 1175044
projectivity, r, 64, 32768, 9, 681769
projectivity, d, 64, 32768, 9, 1004602
projectivity, c, 64, 32768, 9, 1183673
projectivity, r, 64, 32768, 9, 665760
projectivity, d, 64, 32768, 9, 1006544
projectivity, c, 64, 32768, 9, 1193563
projectivity, r, 64, 32768, 9, 661102
projectivity, d, 64, 32768, 9, 1036671
projectivity, c, 64, 32768, 9, 1185661
projectivity, r, 64, 32768, 10, 731803
projectivity, d, 64, 32768, 10, 1108507
projectivity, c, 64, 32768, 10, 1345200
projectivity, r, 64, 32768, 10, 751205
projectivity, d, 64, 32768, 10, 1109762
projectivity, c, 64, 32768, 10, 1346964
projectivity, r, 64, 32768, 10, 727622
projectivity, d, 64, 32768, 10, 1108309
projectivity, c, 64, 32768, 10, 1412845
projectivity, r, 64, 32768, 10, 734128
projectivity, d, 64, 32768, 10, 1110028
projectivity, c, 64, 32768, 10, 1386010
projectivity, r, 64, 32768, 10, 729597
projectivity, d, 64, 32768, 10, 1109226
projectivity, c, 64, 32768, 10, 1351156
projectivity, r, 64, 32768, 10, 726955
projectivity, d, 64, 32768, 10, 1111754
projectivity, c, 64, 32768, 10, 1443822
projectivity, r, 64, 32768, 10, 732009
projectivity, d, 64, 32768, 10, 1129424
projectivity, c, 64, 32768, 10, 1347437
projectivity, r, 64, 32768, 10, 732747
projectivity, d, 64, 32768, 10, 1108536
projectivity, c, 64, 32768, 10, 1345555
projectivity, r, 64, 32768, 10, 734134
projectivity, d, 64, 32768, 10, 1119834
projectivity, c, 64, 32768, 10, 1395016
projectivity, r, 64, 32768, 10, 764678
projectivity, d, 64, 32768, 10, 1110187
projectivity, c, 64, 32768, 10, 1353278
projectivity, r, 64, 32768, 10, 728702
projectivity, d, 64, 32768, 10, 1109567
projectivity, c, 64, 32768, 10, 1355590
projectivity, r, 64, 32768, 10, 743354
projectivity, d, 64, 32768, 10, 1110392
projectivity, c, 64, 32768, 10, 1355580
projectivity, r, 64, 32768, 10, 750194
projectivity, d, 64, 32768, 10, 1107833
projectivity, c, 64, 32768, 10, 1353560
projectivity, r, 64, 32768, 10, 762045
projectivity, d, 64, 32768, 10, 1115514
projectivity, c, 64, 32768, 10, 1349749
projectivity, r, 64, 32768, 10, 731632
projectivity, d, 64, 32768, 10, 1109373
projectivity, c, 64, 32768, 10, 1343788
projectivity, r, 64, 32768, 10, 744116
projectivity, d, 64, 32768, 10, 1108657
projectivity, c, 64, 32768, 10, 1341300
projectivity, r, 64, 32768, 10, 732364
projectivity, d, 64, 32768, 10, 1110136
projectivity, c, 64, 32768, 10, 1355217
projectivity, r, 64, 32768, 10, 729733
projectivity, d, 64, 32768, 10, 1113806
projectivity, c, 64, 32768, 10, 1346274
projectivity, r, 64, 32768, 10, 728627
projectivity, d, 64, 32768, 10, 1107177
projectivity, c, 64, 32768, 10, 1367980
projectivity, r, 64, 32768, 10, 729535
projectivity, d, 64, 32768, 10, 1109003
projectivity, c, 64, 32768, 10, 1364828
projectivity, r, 64, 32768, 10, 730000
projectivity, d, 64, 32768, 10, 1108621
projectivity, c, 64, 32768, 10, 1372549
projectivity, r, 64, 32768, 10, 731021
projectivity, d, 64, 32768, 10, 1113432
projectivity, c, 64, 32768, 10, 1345281
projectivity, r, 64, 32768, 10, 754131
projectivity, d, 64, 32768, 10, 1109925
projectivity, c, 64, 32768, 10, 1362838
projectivity, r, 64, 32768, 10, 770632
projectivity, d, 64, 32768, 10, 1110998
projectivity, c, 64, 32768, 10, 1410107
projectivity, r, 64, 32768, 10, 742631
projectivity, d, 64, 32768, 10, 1121240
projectivity, c, 64, 32768, 10, 1420669
projectivity, r, 64, 32768, 10, 732256
projectivity, d, 64, 32768, 10, 1121693
projectivity, c, 64, 32768, 10, 1356298
projectivity, r, 64, 32768, 10, 729804
projectivity, d, 64, 32768, 10, 1108683
projectivity, c, 64, 32768, 10, 1366673
projectivity, r, 64, 32768, 10, 732030
projectivity, d, 64, 32768, 10, 1110063
projectivity, c, 64, 32768, 10, 1353033
projectivity, r, 64, 32768, 10, 729397
projectivity, d, 64, 32768, 10, 1109633
projectivity, c, 64, 32768, 10, 1346346
projectivity, r, 64, 32768, 10, 728958
projectivity, d, 64, 32768, 10, 1109616
projectivity, c, 64, 32768, 10, 1357364
projectivity, r, 64, 32768, 11, 794538
projectivity, d, 64, 32768, 11, 1218990
projectivity, c, 64, 32768, 11, 1498368
projectivity, r, 64, 32768, 11, 814349
projectivity, d, 64, 32768, 11, 1212602
projectivity, c, 64, 32768, 11, 1523090
projectivity, r, 64, 32768, 11, 795028
projectivity, d, 64, 32768, 11, 1212106
projectivity, c, 64, 32768, 11, 1536292
projectivity, r, 64, 32768, 11, 796544
projectivity, d, 64, 32768, 11, 1214150
projectivity, c, 64, 32768, 11, 1507906
projectivity, r, 64, 32768, 11, 795890
projectivity, d, 64, 32768, 11, 1212272
projectivity, c, 64, 32768, 11, 1541221
projectivity, r, 64, 32768, 11, 796115
projectivity, d, 64, 32768, 11, 1211947
projectivity, c, 64, 32768, 11, 1524922
projectivity, r, 64, 32768, 11, 796997
projectivity, d, 64, 32768, 11, 1215552
projectivity, c, 64, 32768, 11, 1515597
projectivity, r, 64, 32768, 11, 796069
projectivity, d, 64, 32768, 11, 1212229
projectivity, c, 64, 32768, 11, 1499824
projectivity, r, 64, 32768, 11, 794377
projectivity, d, 64, 32768, 11, 1212176
projectivity, c, 64, 32768, 11, 1508887
projectivity, r, 64, 32768, 11, 798161
projectivity, d, 64, 32768, 11, 1214904
projectivity, c, 64, 32768, 11, 1503555
projectivity, r, 64, 32768, 11, 794878
projectivity, d, 64, 32768, 11, 1212075
projectivity, c, 64, 32768, 11, 1499906
projectivity, r, 64, 32768, 11, 795777
projectivity, d, 64, 32768, 11, 1212129
projectivity, c, 64, 32768, 11, 1499549
projectivity, r, 64, 32768, 11, 795217
projectivity, d, 64, 32768, 11, 1211992
projectivity, c, 64, 32768, 11, 1501459
projectivity, r, 64, 32768, 11, 819748
projectivity, d, 64, 32768, 11, 1216585
projectivity, c, 64, 32768, 11, 1534007
projectivity, r, 64, 32768, 11, 797562
projectivity, d, 64, 32768, 11, 1235862
projectivity, c, 64, 32768, 11, 1501892
projectivity, r, 64, 32768, 11, 795201
projectivity, d, 64, 32768, 11, 1213821
projectivity, c, 64, 32768, 11, 1498330
projectivity, r, 64, 32768, 11, 795331
projectivity, d, 64, 32768, 11, 1212175
projectivity, c, 64, 32768, 11, 1531155
projectivity, r, 64, 32768, 11, 795167
projectivity, d, 64, 32768, 11, 1212163
projectivity, c, 64, 32768, 11, 1506918
projectivity, r, 64, 32768, 11, 796443
projectivity, d, 64, 32768, 11, 1213566
projectivity, c, 64, 32768, 11, 1499645
projectivity, r, 64, 32768, 11, 795717
projectivity, d, 64, 32768, 11, 1212430
projectivity, c, 64, 32768, 11, 1497017
projectivity, r, 64, 32768, 11, 818124
projectivity, d, 64, 32768, 11, 1224947
projectivity, c, 64, 32768, 11, 1501879
projectivity, r, 64, 32768, 11, 827393
projectivity, d, 64, 32768, 11, 1212355
projectivity, c, 64, 32768, 11, 1493996
projectivity, r, 64, 32768, 11, 799093
projectivity, d, 64, 32768, 11, 1213206
projectivity, c, 64, 32768, 11, 1516792
projectivity, r, 64, 32768, 11, 794535
projectivity, d, 64, 32768, 11, 1212411
projectivity, c, 64, 32768, 11, 1498454
projectivity, r, 64, 32768, 11, 795742
projectivity, d, 64, 32768, 11, 1212068
projectivity, c, 64, 32768, 11, 1506481
projectivity, r, 64, 32768, 11, 797252
projectivity, d, 64, 32768, 11, 1212104
projectivity, c, 64, 32768, 11, 1503944
projectivity, r, 64, 32768, 11, 795243
projectivity, d, 64, 32768, 11, 1224424
projectivity, c, 64, 32768, 11, 1505571
projectivity, r, 64, 32768, 11, 799356
projectivity, d, 64, 32768, 11, 1213368
projectivity, c, 64, 32768, 11, 1545454
projectivity, r, 64, 32768, 11, 794883
projectivity, d, 64, 32768, 11, 1212122
projectivity, c, 64, 32768, 11, 1517879
projectivity, r, 64, 32768, 11, 815340
projectivity, d, 64, 32768, 11, 1211790
projectivity, c, 64, 32768, 11, 1535594
